{"type": "metrics", "dataset": "train", "precision": 0.711489898989899, "balanced_accuracy": 0.6051786578296314, "recall": 0.23851851851851852, "f1_score": 0.3572673957838009}
{"type": "metrics", "dataset": "test", "precision": 0.7282913165266106, "balanced_accuracy": 0.6226972084997572, "recall": 0.2728226652675761, "f1_score": 0.3969465648854962}
{"type": "cm_matrix", "dataset": "train", "true_0": {"predicted_0": 15771, "predicted_1": 457}, "true_1": {"predicted_0": 3598, "predicted_1": 1127}}
{"type": "cm_matrix", "dataset": "test", "true_0": {"predicted_0": 6879, "predicted_1": 194}, "true_1": {"predicted_0": 1386, "predicted_1": 520}}
