{"type": "metrics", "dataset": "train", "precision": 0.6990825688073394, "balanced_accuracy": 0.6410578619747956, "recall": 0.3225396825396825, "f1_score": 0.44141926140477916}
{"type": "metrics", "dataset": "test", "precision": 0.7001044932079414, "balanced_accuracy": 0.6554723347539355, "recall": 0.3515215110178384, "f1_score": 0.46804051694027243}
{"type": "cm_matrix", "dataset": "train", "true_0": {"predicted_0": 15572, "predicted_1": 656}, "true_1": {"predicted_0": 3201, "predicted_1": 1524}}
{"type": "cm_matrix", "dataset": "test", "true_0": {"predicted_0": 6786, "predicted_1": 287}, "true_1": {"predicted_0": 1236, "predicted_1": 670}}
